dep;Annee;lib_dep;taux_pos;taux_incid;hosp;rea;pos;depart;Total_2020;Total_2019;Total_2018;Total_2017
67;;Bas-Rhin;9033,54;400102,57;294769;41521;652197;67;3,09E+07;4,65E+07;4,38E+07;4,39E+07
6;;Alpes-Maritimes;9090,65;417980,56;311237;38227;648085;6;2,03E+07;3,66E+07;3,14E+07;3,36E+07
44;;Loire-Atlantique;11276,7;357551,34;139655;20157;739308;44;1,70E+07;2,71E+07;2,48E+07;2,51E+07
76;;Seine-Maritime;10507,08;353013,22;345581;37653;630469;76;1,11E+07;1,72E+07;1,54E+07;1,60E+07
46;;Lot;11295,28;326673,01;23053;2218;81195;46;681088;842355;816648;974740
77;;Seine-et-Marne;10246,22;371795,59;327658;65893;759490;77;6,33E+07;1,17E+08;1,17E+08;1,18E+08
83;;Var;9266,72;390351,74;258448;30508;602302;83;7366831;1,09E+07;1,01E+07;1,16E+07
42;;Loire;11107,15;399461,85;262374;31579;438021;42;5294682;9692166;8704027;9601404
50;;Manche;11670,34;322975,81;136557;7453;227262;50;1304919;2153128;1919465;2137437
3;;Allier;10606,16;330357,07;77886;6720;157007;3;2269380;3519592;3282568;3612849
72;;Sarthe;10982,78;335259,66;103508;5780;269669;72;5462654;9933741;9975837;1,07E+07
95;;Val-d'Oise;9624,25;378696,7;363375;32014;678612;95;1,22E+08;2,24E+08;2,24E+08;2,22E+08
52;;Haute-Marne;10932,55;330368,87;52853;3793;80042;52;596172;938956;899077;1042540
41;;Loir-et-Cher;11510,09;311714,05;89809;4753;146552;41;2900486;4225497;4045246;4280536
10;;Aube;10003,1;320102,84;60548;5867;142355;10;1469380;2160464;2015665;2125167
31;;Haute-Garonne;10094,21;406833,2;242665;46604;820601;31;1,59E+07;2,03E+07;1,81E+07;2,18E+07
92;;Hauts-de-Seine;8179,87;392180,16;716947;95598;908459;92;8,50E+07;1,56E+08;1,54E+08;1,53E+08
19;;Corrèze;11216,47;341301,14;32624;3870;117511;19;973708;1436852;1334055;1542539
18;;Cher;11625,11;320548,88;72074;3740;136389;18;1717226;2596922;2292923;2503079
73;;Savoie;12137,38;387769,33;92588;9769;241458;73;6762275;1,00E+07;9205923;9991452
74;;Haute-Savoie;11731,26;388866,88;158151;17789;463333;74;6412485;8783993;8051996;9009551
36;;Indre;11645,01;300800,77;56150;3462;93583;36;1083175;1520835;1365264;1463406
16;;Charente;11574,71;309872,37;30311;3832;154963;16;1576976;2586854;2412273;2638410
1;;Ain;11975,93;379236,02;121809;8370;357788;1;6861448;1,06E+07;9709978;1,06E+07
23;;Creuse;10704,76;305313,95;23232;5225;50719;23;181753;342201;319446;364760
30;;Gard;9974,22;373092,28;147998;24232;400396;30;4903170;7118520;7170768;7995134
13;;Bouches-du-Rhône;8466,7;440729,57;786289;132695;1286054;13;2,35E+07;3,72E+07;3,55E+07;3,81E+07
63;;Puy-de-Dôme;11040,32;352060,51;145904;15069;334338;63;6002481;8536810;7595097;8314189
94;;Val-de-Marne;8903,38;382992,51;580770;64165;773139;94;6,02E+07;1,10E+08;1,11E+08;1,13E+08
78;;Yvelines;9956,82;377140,96;434387;44973;783575;78;1,04E+08;1,91E+08;1,91E+08;1,93E+08
33;;Gironde;10320,78;364192,92;284571;51257;856060;33;2,44E+07;3,74E+07;3,31E+07;3,15E+07
15;;Cantal;10248,61;321662,93;27714;3205;65899;15;196347;281477;319136;357722
84;;Vaucluse;10376,67;380919,3;168096;10183;306221;84;5787812;1,07E+07;9829680;1,10E+07
9;;Ariège;10276,4;364145,4;26333;4475;79611;9;598041;1014793;908538;1165109
61;;Orne;10467,05;310448,51;79477;5565;123021;61;892351;1460074;1347260;1460592
65;;Hautes-Pyrénées;10626,37;359033,07;53758;6022;116979;65;732925;1135549;1064874;1289967
49;;Maine-et-Loire;11909,98;347794,74;138050;19420;407380;49;7051761;1,18E+07;1,10E+07;1,17E+07
22;;Côtes-d'Armor;11052,39;322719,45;61157;4095;276255;22;2759311;3943408;3579474;3652344
32;;Gers;10721,25;340204,07;38932;2418;92790;32;493293;679199;577625;713838
64;;Pyrénées-Atlantiques;10686,68;379122,75;126998;10653;371589;64;3191200;4603439;3916750;4320807
14;;Calvados;9819,97;342505,28;121602;15971;339850;14;4905562;8100476;7209370;8095371
39;;Jura;11322,49;376096,45;69704;3929;139038;39;1685557;2072711;1933733;2173936
51;;Marne;9707,41;343248,61;166639;16789;277308;51;6531361;9942302;9176359;1,00E+07
85;;Vendée;11532,38;344018,05;54461;7182;338082;85;1824467;2750339;2573619;2702441
21;;Côte-d'Or;10711,96;365032,26;154204;21377;279214;21;8438435;1,22E+07;1,13E+07;1,22E+07
34;;Hérault;9099,57;384500,75;188629;36292;650783;34;1,14E+07;1,59E+07;1,67E+07;1,95E+07
2;;Aisne;11134,68;329890,31;145672;16647;248567;2;5934918;8343129;8238184;8977396
40;;Landes;11963,31;370481,97;46766;4256;219479;40;1763205;2423325;2168570;2280332
66;;Pyrénées-Orientales;9322,43;356295,81;102208;11425;244952;66;2040715;2692388;2575202;3040479
81;;Tarn;11319,4;363691,07;66379;9310;202497;81;1834634;2323979;1962187;2398449
90;;Territoire de Belfort;10342,32;357440,79;66288;8263;71616;90;1554177;2542607;2302282;2556919
5;;Hautes-Alpes;11333,83;368802,38;56399;5011;74955;5;532308;935934;900849;1089075
62;;Pas-de-Calais;10409,33;366985,75;303955;42388;764341;62;1,33E+07;2,11E+07;1,97E+07;2,12E+07
43;;Haute-Loire;12167,91;391535,32;65164;3225;127414;43;504301;844333;694386;639084
71;;Saône-et-Loire;11350,63;337239,1;157042;12222;264906;71;4776587;6452005;5960107;6465522
54;;Meurthe-et-Moselle;9730,81;366890,45;194079;34021;384537;54;1,24E+07;1,88E+07;1,76E+07;1,82E+07
88;;Vosges;9978,28;343874,12;106313;7180;177341;88;2763845;3797925;3482596;3804336
48;;Lozère;12489,67;339517,93;12467;1071;37130;48;138602;165218;160307;170197
58;;Nièvre;11393,01;305027,29;54030;2767;87411;58;1288504;1848789;1723581;1901946
59;;Nord;9534,57;391336,81;702568;104545;1453245;59;4,41E+07;7,25E+07;6,66E+07;6,99E+07
91;;Essonne;9962,28;367439,03;404237;57342;694047;91;8,74E+07;1,59E+08;1,62E+08;1,62E+08
4;;Alpes-de-Haute-Provence;10159,15;376036,89;66718;3312;89069;4;89231;194418;241562;308344
93;;Seine-Saint-Denis;8418,39;338181,58;681344;68702;808714;93;1,52E+08;2,78E+08;2,79E+08;2,74E+08
47;;Lot-et-Garonne;10151,75;326444,36;33424;4484;154327;47;1767493;2537416;2286033;2459729
86;;Vienne;10919,89;332644,67;57680;6100;208794;86;3466235;5713899;5297290;5722752
69;;Rhône;10242,73;419424;534690;87586;1130436;69;5,11E+07;8,41E+07;7,85E+07;8,27E+07
60;;Oise;10581,07;349660,61;256202;21425;414151;60;1,96E+07;2,97E+07;2,77E+07;3,00E+07
79;;Deux-Sèvres;11275,35;333452,97;40643;4022;178323;79;1361616;2019823;1925782;2092984
25;;Doubs;11092,9;384796,86;74627;19307;298154;25;4256341;5779049;5184899;5752742
89;;Yonne;10444,16;321303,43;111887;8440;152996;89;2500842;3784082;3386421;3767747
56;;Morbihan;11940,33;332528,3;108149;9863;361297;56;3962223;5705614;4986690;5095603
35;;Ille-et-Vilaine;11774,15;373899,69;199517;18346;582032;35;1,70E+07;2,56E+07;2,29E+07;2,30E+07
29;;Finistère;11119,45;323064,38;110789;11109;421109;29;4420802;6375984;5692000;5783955
26;;Drôme;11521,14;371326,34;114118;16090;277427;26;6341413;1,01E+07;9336983;1,04E+07
11;;Aude;9512,49;345388,88;75614;6359;184862;11;2618097;3275646;3031283;3712117
12;;Aveyron;11333,85;377237,39;56050;2681;150683;12;392468;543205;474301;571551
17;;Charente-Maritime;10322,41;317824,76;81967;8790;296046;17;3546072;5415372;4723417;5117918
28;;Eure-et-Loir;11395;322880,49;106315;11935;198714;28;8499192;1,19E+07;1,11E+07;1,16E+07
7;;Ardèche;11581,08;366352,94;64831;5571;172123;7;5109;10445;8830;4860
82;;Tarn-et-Garonne;10805,65;370266,18;38563;7114;139461;82;1553536;1904811;1724690;2076833
75;;Paris;7023,63;415379,98;839543;165570;1277106;75;5,18E+08;9,42E+08;9,39E+08;9,54E+08
38;;Isère;12075,29;400483,72;318623;33803;728315;38;1,89E+07;3,03E+07;2,71E+07;2,88E+07
80;;Somme;10347,34;345133,31;174967;20883;281677;80;8755896;1,26E+07;1,21E+07;1,27E+07
53;;Mayenne;12079,7;322359,21;39796;3668;141171;53;1301142;2225202;2240436;2232453
55;;Meuse;10753,88;334485,96;50650;4267;86865;55;1026590;1422204;1310217;1393974
87;;Haute-Vienne;11263,68;342742,49;51501;6477;182300;87;1626780;2467976;2238352;2614736
68;;Haut-Rhin;9549,63;363861,83;248532;27582;398613;68;1,37E+07;2,08E+07;1,96E+07;1,98E+07
24;;Dordogne;11034,97;314341,93;86661;5708;184238;24;1756343;2405889;2354487;2687039
37;;Indre-et-Loire;10635,5;345457,06;104997;18114;300547;37;8754155;1,39E+07;1,31E+07;1,36E+07
45;;Loiret;11436,1;330091,73;181111;28091;323323;45;6292465;1,05E+07;1,03E+07;1,08E+07
8;;Ardennes;9730,52;381748,85;53899;4777;145204;8;2511091;3111473;3003407;3377979
57;;Moselle;9657,81;379372,52;294459;37589;564837;57;1,43E+07;2,25E+07;2,10E+07;2,23E+07
70;;Haute-Saône;10946,72;345601,65;46541;5077;115521;70;682404;800329;775654;939809
27;;Eure;11689,34;318232,23;131910;5701;273716;27;4310178;7153912;6709980;7393802
